Search_Key,Hub
서울마포구,서울특별시서부교육지원청
서울은평구,서울특별시서부교육지원청
서울서대문구,서울특별시서부교육지원청
서울동대문구,서울특별시동부교육지원청
서울중랑구,서울특별시동부교육지원청
서울영등포구,서울특별시남부교육지원청
서울구로구,서울특별시남부교육지원청
서울금천구,서울특별시남부교육지원청
서울도봉구,서울특별시북부교육지원청
서울노원구,서울특별시북부교육지원청
서울종로구,서울특별시중부교육지원청
서울중구,서울특별시중부교육지원청
서울용산구,서울특별시중부교육지원청
서울강동구,서울특별시강동송파교육지원청
서울송파구,서울특별시강동송파교육지원청
서울강서구,서울특별시강서양천교육지원청
서울양천구,서울특별시강서양천교육지원청
서울강남구,서울특별시강남서초교육지원청
서울서초구,서울특별시강남서초교육지원청
서울동작구,서울특별시동작관악교육지원청
서울관악구,서울특별시동작관악교육지원청
서울성동구,서울특별시성동광진교육지원청
서울광진구,서울특별시성동광진교육지원청
서울성북구,서울특별시성북강북교육지원청
서울강북구,서울특별시성북강북교육지원청
인천중,인천광역시남부교육지원청
인천미추홀,인천광역시남부교육지원청
인천동,인천광역시남부교육지원청
인천옹진,인천광역시남부교육지원청
인천강화,인천광역시강화교육지원청
인천연수,인천광역시동부교육지원청
인천남동,인천광역시동부교육지원청
인천부평,인천광역시북부교육지원청
인천계양,인천광역시서부교육지원청
인천서,인천광역시서부교육지원청
부산서,부산광역시서부교육지원청
부산사하,부산광역시서부교육지원청
부산영도,부산광역시서부교육지원청
부산중,부산광역시서부교육지원청
부산남,부산광역시남부교육지원청
부산동,부산광역시남부교육지원청
부산부산진,부산광역시남부교육지원청
부산북,부산광역시북부교육지원청
부산사상,부산광역시북부교육지원청
부산강서,부산광역시북부교육지원청
부산동래,부산광역시동래교육지원청
부산금정,부산광역시동래교육지원청
부산연제,부산광역시동래교육지원청
부산해운대,부산광역시해운대교육지원청
부산수영,부산광역시해운대교육지원청
부산기장,부산광역시해운대교육지원청
대구중,대구광역시동부교육지원청
대구동,대구광역시동부교육지원청
대구수성,대구광역시동부교육지원청
대구서,대구광역시서부교육지원청
대구북,대구광역시서부교육지원청
대구남,대구광역시남부교육지원청
대구달서,대구광역시남부교육지원청
대구달성,대구광역시달성교육지원청
대구위,대구광역시군위교육지원청
광주동,광주광역시동부교육지원청
광주북,광주광역시동부교육지원청
광주남,광주광역시동부교육지원청
광주서,광주광역시서부교육지원청
광주광산,광주광역시서부교육지원청
대전중,대전광역시동부교육지원청
대전동,대전광역시동부교육지원청
대전대덕,대전광역시동부교육지원청
대전서,대전광역시서부교육지원청
대전유성,대전광역시서부교육지원청
울산남,울산광역시강남교육지원청
울산울주,울산광역시강남교육지원청
울산중,울산광역시강북교육지원청
울산동,울산광역시강북교육지원청
울산북,울산광역시강북교육지원청
세종세종,세종특별자치시교육청
경기수원,경기도수원교육지원청
경기성남,경기도성남교육지원청
경기의정부,경기도의정부교육지원청
경기안양,경기도안양과천교육지원청
경기부천,경기도부천교육지원청
경기광명,경기도광명교육지원청
경기평택,경기도평택교육지원청
경기동두천,경기도동두천양주교육지원청
경기안산,경기도안산교육지원청
경기고양,경기도고양교육지원청
경기과천,경기도안양과천교육지원청
경기구리,경기도구리남양주교육지원청
경기남양주,경기도구리남양주교육지원청
경기오산,경기도화성오산교육지원청
경기시흥,경기도시흥교육지원청
경기군포,경기도군포의왕교육지원청
경기의왕,경기도군포의왕교육지원청
경기하남,경기도광주하남교육지원청
경기용인,경기도용인교육지원청
경기파주,경기도파주교육지원청
경기이천,경기도이천교육지원청
경기안성,경기도안성교육지원청
경기김포,경기도김포교육지원청
경기화성,경기도화성오산교육지원청
경기광주,경기도광주하남교육지원청
경기양주,경기도동두천양주교육지원청
경기포천,경기도포천교육지원청
경기여주,경기도여주교육지원청
경기연천,경기도연천교육지원청
경기가평,경기도가평교육지원청
경기양평,경기도양평교육지원청
강원춘천,강원특별자치도춘천교육지원청
강원원주,강원특별자치도원주교육지원청
강원강릉,강원특별자치도강릉교육지원청
강원속초,강원특별자치도속초교육지원청
강원양양,강원특별자치도양양교육지원청
강원동해,강원특별자치도동해교육지원청
강원태백,강원특별자치도태백교육지원청
강원삼척,강원특별자치도삼척교육지원청
강원홍천,강원특별자치도홍천교육지원청
강원횡성,강원특별자치도횡성교육지원청
강원영월,강원특별자치도영월교육지원청
강원평창,강원특별자치도평창교육지원청
강원정선,강원특별자치도정선교육지원청
강원철원,강원특별자치도철원교육지원청
강원화천,강원특별자치도화천교육지원청
강원양구,강원특별자치도양구교육지원청
강원인제,강원특별자치도인제교육지원청
강원고성,강원특별자치도고성교육지원청
충북청주,충북도청주교육지원청
충북충주,충북도충주교육지원청
충북제천,충북도제천교육지원청
충북보은,충북도보은교육지원청
충북옥천,충북도옥천교육지원청
충북영동,충북도영동교육지원청
충북진천,충북도진천교육지원청
충북괴산,충북도괴산교육지원청
충북증평,충북도증평교육지원청
충북음성,충북도음성교육지원청
충북단양,충북도단양교육지원청
충남천안,충남도천안교육지원청
충남공주,충남도공주교육지원청
충남보령,충남도보령교육지원청
충남아산,충남도아산교육지원청
충남서산,충남도서산교육지원청
충남논산,충남도논산교육지원청
충남계룡,충남도계룡교육지원청
충남당진,충남도당진교육지원청
충남금산,충남도금산교육지원청
충남부여,충남도부여교육지원청
충남서천,충남도서천교육지원청
충남청양,충남도청양교육지원청
충남홍성,충남도홍성교육지원청
충남예산,충남도예산교육지원청
충남태안,충남도태안교육지원청
전북전주,전북특별자치도전주교육지원청
전북군산,전북특별자치도군산교육지원청
전북익산,전북특별자치도익산교육지원청
전북정읍,전북특별자치도정읍교육지원청
전북남원,전북특별자치도남원교육지원청
전북김제,전북특별자치도김제교육지원청
전북완주,전북특별자치도완주교육지원청
전북진안,전북특별자치도진안교육지원청
전북무주,전북특별자치도무주교육지원청
전북장수,전북특별자치도장수교육지원청
전북임실,전북특별자치도임실교육지원청
전북순창,전북특별자치도순창교육지원청
전북고창,전북특별자치도고창교육지원청
전북부안,전북특별자치도부안교육지원청
전남목포,전라남도목포교육지원청
전남여수,전라남도여수교육지원청
전남순천,전라남도순천교육지원청
전남나주,전라남도나주교육지원청
전남광양,전라남도광양교육지원청
전남담양,전라남도담양교육지원청
전남곡성,전라남도곡성교육지원청
전남구례,전라남도구례교육지원청
전남고흥,전라남도고흥교육지원청
전남보성,전라남도보성교육지원청
전남화순,전라남도화순교육지원청
전남장흥,전라남도장흥교육지원청
전남강진,전라남도강진교육지원청
전남해남,전라남도해남교육지원청
전남영암,전라남도영암교육지원청
전남무안,전라남도무안교육지원청
전남함평,전라남도함평교육지원청
전남영광,전라남도영광교육지원청
전남장성,전라남도장성교육지원청
전남완도,전라남도완도교육지원청
전남진도,전라남도진도교육지원청
전남신안,전라남도목포교육지원청
경북포항,경북도포항교육지원청
경북경주,경북도경주교육지원청
경북김천,경북도김천교육지원청
경북안동,경북도안동교육지원청
경북구미,경북도구미교육지원청
경북영주,경북도영주교육지원청
경북영천,경북도영천교육지원청
경북상주,경북도상주교육지원청
경북문경,경북도문경교육지원청
경북경산,경북도경산교육지원청
경북의성,경북도의성교육지원청
경북청송,경북도청송교육지원청
경북영양,경북도영양교육지원청
경북영덕,경북도영덕교육지원청
경북청도,경북도청도교육지원청
경북고령,경북도고령교육지원청
경북성주,경북도성주교육지원청
경북칠곡,경북도칠곡교육지원청
경북예천,경북도예천교육지원청
경북봉화,경북도봉화교육지원청
경북울진,경북도울진교육지원청
경북울릉,경북도울릉교육지원청
경남창원,경남도창원교육지원청
경남진주,경남도진주교육지원청
경남통영,경남도통영교육지원청
경남사천,경남도사천교육지원청
경남김해,경남도김해교육지원청
경남밀양,경남도밀양교육지원청
경남거제,경남도거제교육지원청
경남양산,경남도양산교육지원청
경남의령,경남도의령교육지원청
경남함안,경남도함안교육지원청
경남창녕,경남도창녕교육지원청
경남고성,경남도고성교육지원청
경남남해,경남도남해교육지원청
경남하동,경남도하동교육지원청
경남산청,경남도산청교육지원청
경남함양,경남도함양교육지원청
경남거창,경남도거창교육지원청
경남합천,경남도합천교육지원청
제주제주,제주특별자치도제주교육지원청
제주서귀포,제주특별자치도서귀포교육지원청
